workflowId,projectId,role,createdAt,updatedAt
7TWUffAdGfJzIkRk,ZFyfXm8eg31Y5A1t,workflow:owner,2025-07-26 06:48:18.139,2025-07-26 06:48:18.139
9k4mpqtnDULUlqRc,ZFyfXm8eg31Y5A1t,workflow:owner,2025-07-26 06:48:46.044,2025-07-26 06:48:46.044
BNuYvwRcNEutDIUa,ZFyfXm8eg31Y5A1t,workflow:owner,2025-07-26 06:48:47.504,2025-07-26 06:48:47.504
fYt7IJen0aIvYo7t,ZFyfXm8eg31Y5A1t,workflow:owner,2025-07-26 06:48:49.348,2025-07-26 06:48:49.348
I4GgzudjH6STl6q6,ZFyfXm8eg31Y5A1t,workflow:owner,2025-07-26 06:48:50.952,2025-07-26 06:48:50.952
i6RnhP6rCz2hpRVJ,ZFyfXm8eg31Y5A1t,workflow:owner,2025-07-26 06:48:52.673,2025-07-26 06:48:52.673
j09Ej9fvEf6NCyr3,ZFyfXm8eg31Y5A1t,workflow:owner,2025-07-26 06:48:54.221,2025-07-26 06:48:54.221
N9Zh12IDPG3cI7cM,ZFyfXm8eg31Y5A1t,workflow:owner,2025-07-26 06:48:55.656,2025-07-26 06:48:55.656
R46okgPqTKUuvjuY,ZFyfXm8eg31Y5A1t,workflow:owner,2025-07-26 06:48:57.105,2025-07-26 06:48:57.105
V48C8mTC05ywXBcr,ZFyfXm8eg31Y5A1t,workflow:owner,2025-07-26 06:48:58.594,2025-07-26 06:48:58.594
WfrjB80qiV7HKM8s,ZFyfXm8eg31Y5A1t,workflow:owner,2025-07-26 06:49:00.133,2025-07-26 06:49:00.133
sU8WiDF4UnAQq9PC,ZFyfXm8eg31Y5A1t,workflow:owner,2025-07-26 10:14:38.786,2025-07-26 10:14:38.786
JWL1s21OQx2lOpBL,ZFyfXm8eg31Y5A1t,workflow:owner,2025-07-26 10:18:06.867,2025-07-26 10:18:06.867
yNElfI1SZOWdSh1G,ZFyfXm8eg31Y5A1t,workflow:owner,2025-07-26 10:21:51.798,2025-07-26 10:21:51.798
d74bb1275e9a48ac,ZFyfXm8eg31Y5A1t,workflow:owner,2025-07-26 12:20:18.590,2025-07-26 12:20:18.590
